"indicador","estrato","versao","lag","fac","facp"
"desocupados","01-Belo Horizonte","padrao",1,0.3078,0.3078
"desocupados","01-Belo Horizonte","padrao",2,0.2693,0.1928
"desocupados","01-Belo Horizonte","padrao",3,0.1504,0.0278
"desocupados","01-Belo Horizonte","padrao",4,0.0812,-0.016
"desocupados","01-Belo Horizonte","padrao",5,0.105,0.0611
"desocupados","01-Belo Horizonte","padrao",6,-0.055,-0.1261
"desocupados","01-Belo Horizonte","padrao",7,-0.1259,-0.1381
"desocupados","01-Belo Horizonte","padrao",8,-0.0512,0.0438
"desocupados","01-Belo Horizonte","padrao",9,-0.0138,0.0683
"desocupados","01-Belo Horizonte","padrao",10,-0.0272,-0.0228
"desocupados","01-Belo Horizonte","padrao",11,-0.0351,-0.0166
"desocupados","01-Belo Horizonte","padrao",12,0.033,0.0827
"desocupados","01-Belo Horizonte","legado",1,0.3139,0.3139
"desocupados","01-Belo Horizonte","legado",2,0.2799,0.2012
"desocupados","01-Belo Horizonte","legado",3,0.1599,0.0307
"desocupados","01-Belo Horizonte","legado",4,0.0888,-0.0164
"desocupados","01-Belo Horizonte","legado",5,0.1179,0.0696
"desocupados","01-Belo Horizonte","legado",6,-0.059,-0.1408
"desocupados","01-Belo Horizonte","legado",7,-0.1424,-0.1612
"desocupados","01-Belo Horizonte","legado",8,-0.0581,0.0508
"desocupados","01-Belo Horizonte","legado",9,-0.0148,0.0841
"desocupados","01-Belo Horizonte","legado",10,-0.0319,-0.0279
"desocupados","01-Belo Horizonte","legado",11,-0.0416,-0.0198
"desocupados","01-Belo Horizonte","legado",12,0.0471,0.1145
"desocupados","02-Colar e Entorno Metropolitano de BH","padrao",1,0.3547,0.3547
"desocupados","02-Colar e Entorno Metropolitano de BH","padrao",2,0.3888,0.3009
"desocupados","02-Colar e Entorno Metropolitano de BH","padrao",3,0.116,-0.1096
"desocupados","02-Colar e Entorno Metropolitano de BH","padrao",4,0.1765,0.0703
"desocupados","02-Colar e Entorno Metropolitano de BH","padrao",5,0.1017,0.0521
"desocupados","02-Colar e Entorno Metropolitano de BH","padrao",6,0.1071,-1e-04
"desocupados","02-Colar e Entorno Metropolitano de BH","padrao",7,0.0557,-0.0097
"desocupados","02-Colar e Entorno Metropolitano de BH","padrao",8,0.1262,0.1001
"desocupados","02-Colar e Entorno Metropolitano de BH","padrao",9,0.0918,0.0257
"desocupados","02-Colar e Entorno Metropolitano de BH","padrao",10,0.1214,0.0218
"desocupados","02-Colar e Entorno Metropolitano de BH","padrao",11,0.0571,-0.0155
"desocupados","02-Colar e Entorno Metropolitano de BH","padrao",12,0.1309,0.085
"desocupados","02-Colar e Entorno Metropolitano de BH","legado",1,0.3616,0.3616
"desocupados","02-Colar e Entorno Metropolitano de BH","legado",2,0.4043,0.3147
"desocupados","02-Colar e Entorno Metropolitano de BH","legado",3,0.1235,-0.1156
"desocupados","02-Colar e Entorno Metropolitano de BH","legado",4,0.1917,0.0771
"desocupados","02-Colar e Entorno Metropolitano de BH","legado",5,0.1135,0.0598
"desocupados","02-Colar e Entorno Metropolitano de BH","legado",6,0.1223,0.0011
"desocupados","02-Colar e Entorno Metropolitano de BH","legado",7,0.0648,-0.0119
"desocupados","02-Colar e Entorno Metropolitano de BH","legado",8,0.1491,0.1201
"desocupados","02-Colar e Entorno Metropolitano de BH","legado",9,0.1108,0.0328
"desocupados","02-Colar e Entorno Metropolitano de BH","legado",10,0.1506,0.029
"desocupados","02-Colar e Entorno Metropolitano de BH","legado",11,0.0717,-0.0202
"desocupados","02-Colar e Entorno Metropolitano de BH","legado",12,0.1686,0.1127
"desocupados","03-Sul de Minas","padrao",1,0.3915,0.3915
"desocupados","03-Sul de Minas","padrao",2,0.1464,-0.0081
"desocupados","03-Sul de Minas","padrao",3,0.0818,0.0321
"desocupados","03-Sul de Minas","padrao",4,-0.0209,-0.0741
"desocupados","03-Sul de Minas","padrao",5,-0.0975,-0.0801
"desocupados","03-Sul de Minas","padrao",6,-0.0759,-0.0065
"desocupados","03-Sul de Minas","padrao",7,-0.0851,-0.0461
"desocupados","03-Sul de Minas","padrao",8,-0.0724,-0.0158
"desocupados","03-Sul de Minas","padrao",9,-0.058,-0.026
"desocupados","03-Sul de Minas","padrao",10,-0.0066,0.0276
"desocupados","03-Sul de Minas","padrao",11,0.0056,-0.0034
"desocupados","03-Sul de Minas","padrao",12,-0.0698,-0.0977
"desocupados","03-Sul de Minas","legado",1,0.3993,0.3993
"desocupados","03-Sul de Minas","legado",2,0.1524,-0.0083
"desocupados","03-Sul de Minas","legado",3,0.0872,0.0346
"desocupados","03-Sul de Minas","legado",4,-0.0218,-0.0803
"desocupados","03-Sul de Minas","legado",5,-0.1068,-0.0887
"desocupados","03-Sul de Minas","legado",6,-0.0841,-0.0066
"desocupados","03-Sul de Minas","legado",7,-0.0959,-0.0524
"desocupados","03-Sul de Minas","legado",8,-0.0825,-0.0171
"desocupados","03-Sul de Minas","legado",9,-0.0666,-0.0299
"desocupados","03-Sul de Minas","legado",10,-0.0032,0.0378
"desocupados","03-Sul de Minas","legado",11,0.013,-6e-04
"desocupados","03-Sul de Minas","legado",12,-0.0821,-0.1219
"desocupados","04-Triângulo Mineiro","padrao",1,0.2197,0.2197
"desocupados","04-Triângulo Mineiro","padrao",2,0.0664,0.019
"desocupados","04-Triângulo Mineiro","padrao",3,0.1288,0.116
"desocupados","04-Triângulo Mineiro","padrao",4,0.0621,0.0101
"desocupados","04-Triângulo Mineiro","padrao",5,0.0215,-8e-04
"desocupados","04-Triângulo Mineiro","padrao",6,0.0277,0.0088
"desocupados","04-Triângulo Mineiro","padrao",7,0.0011,-0.0157
"desocupados","04-Triângulo Mineiro","padrao",8,0.0587,0.0623
"desocupados","04-Triângulo Mineiro","padrao",9,0.0418,0.0141
"desocupados","04-Triângulo Mineiro","padrao",10,-0.0869,-0.1067
"desocupados","04-Triângulo Mineiro","padrao",11,-0.0505,-0.0257
"desocupados","04-Triângulo Mineiro","padrao",12,0.0639,0.0792
"desocupados","04-Triângulo Mineiro","legado",1,0.224,0.224
"desocupados","04-Triângulo Mineiro","legado",2,0.0692,0.02
"desocupados","04-Triângulo Mineiro","legado",3,0.1372,0.1238
"desocupados","04-Triângulo Mineiro","legado",4,0.0672,0.0109
"desocupados","04-Triângulo Mineiro","legado",5,0.0235,-9e-04
"desocupados","04-Triângulo Mineiro","legado",6,0.0309,0.0097
"desocupados","04-Triângulo Mineiro","legado",7,5e-04,-0.0188
"desocupados","04-Triângulo Mineiro","legado",8,0.0676,0.0725
"desocupados","04-Triângulo Mineiro","legado",9,0.0498,0.0173
"desocupados","04-Triângulo Mineiro","legado",10,-0.1079,-0.1324
"desocupados","04-Triângulo Mineiro","legado",11,-0.064,-0.0327
"desocupados","04-Triângulo Mineiro","legado",12,0.0839,0.1053
"desocupados","05-Mata de Minas Gerais","padrao",1,0.3089,0.3089
"desocupados","05-Mata de Minas Gerais","padrao",2,0.1105,0.0167
"desocupados","05-Mata de Minas Gerais","padrao",3,0.0318,-0.0076
"desocupados","05-Mata de Minas Gerais","padrao",4,0.0515,0.0465
"desocupados","05-Mata de Minas Gerais","padrao",5,-0.1214,-0.1658
"desocupados","05-Mata de Minas Gerais","padrao",6,-0.2576,-0.2044
"desocupados","05-Mata de Minas Gerais","padrao",7,-0.0541,0.1119
"desocupados","05-Mata de Minas Gerais","padrao",8,-0.0131,5e-04
"desocupados","05-Mata de Minas Gerais","padrao",9,-0.0077,0.0035
"desocupados","05-Mata de Minas Gerais","padrao",10,-0.0188,0.0042
"desocupados","05-Mata de Minas Gerais","padrao",11,-0.0256,-0.0934
"desocupados","05-Mata de Minas Gerais","padrao",12,0.0664,0.0559
"desocupados","05-Mata de Minas Gerais","legado",1,0.3149,0.3149
"desocupados","05-Mata de Minas Gerais","legado",2,0.1146,0.0172
"desocupados","05-Mata de Minas Gerais","legado",3,0.0335,-0.0081
"desocupados","05-Mata de Minas Gerais","legado",4,0.0556,0.0506
"desocupados","05-Mata de Minas Gerais","legado",5,-0.1336,-0.1833
"desocupados","05-Mata de Minas Gerais","legado",6,-0.2908,-0.2337
"desocupados","05-Mata de Minas Gerais","legado",7,-0.0622,0.1306
"desocupados","05-Mata de Minas Gerais","legado",8,-0.0154,0.0016
"desocupados","05-Mata de Minas Gerais","legado",9,-0.0098,0.0025
"desocupados","05-Mata de Minas Gerais","legado",10,-0.0243,0.006
"desocupados","05-Mata de Minas Gerais","legado",11,-0.0343,-0.1216
"desocupados","05-Mata de Minas Gerais","legado",12,0.0826,0.0717
"desocupados","06-Norte de Minas","padrao",1,0.4499,0.4499
"desocupados","06-Norte de Minas","padrao",2,0.2208,0.0231
"desocupados","06-Norte de Minas","padrao",3,0.2007,0.117
"desocupados","06-Norte de Minas","padrao",4,0.116,-0.023
"desocupados","06-Norte de Minas","padrao",5,0.0592,-0.0046
"desocupados","06-Norte de Minas","padrao",6,0.055,0.0172
"desocupados","06-Norte de Minas","padrao",7,0.079,0.0522
"desocupados","06-Norte de Minas","padrao",8,0.0561,-0.0018
"desocupados","06-Norte de Minas","padrao",9,-0.0581,-0.1205
"desocupados","06-Norte de Minas","padrao",10,-0.0071,0.0569
"desocupados","06-Norte de Minas","padrao",11,-0.0612,-0.0947
"desocupados","06-Norte de Minas","padrao",12,-0.0558,0.028
"desocupados","06-Norte de Minas","legado",1,0.4583,0.4583
"desocupados","06-Norte de Minas","legado",2,0.2286,0.0235
"desocupados","06-Norte de Minas","legado",3,0.2116,0.1248
"desocupados","06-Norte de Minas","legado",4,0.1239,-0.0257
"desocupados","06-Norte de Minas","legado",5,0.0631,-0.0061
"desocupados","06-Norte de Minas","legado",6,0.0593,0.0185
"desocupados","06-Norte de Minas","legado",7,0.0887,0.0607
"desocupados","06-Norte de Minas","legado",8,0.0638,-0.0025
"desocupados","06-Norte de Minas","legado",9,-0.0735,-0.1486
"desocupados","06-Norte de Minas","legado",10,-0.011,0.0718
"desocupados","06-Norte de Minas","legado",11,-0.0789,-0.1228
"desocupados","06-Norte de Minas","legado",12,-0.0718,0.0404
"desocupados","07-Vale do Rio Doce","padrao",1,0.5601,0.5601
"desocupados","07-Vale do Rio Doce","padrao",2,0.4379,0.181
"desocupados","07-Vale do Rio Doce","padrao",3,0.3247,0.0339
"desocupados","07-Vale do Rio Doce","padrao",4,0.2362,-0.0033
"desocupados","07-Vale do Rio Doce","padrao",5,0.1704,-0.0061
"desocupados","07-Vale do Rio Doce","padrao",6,0.0763,-0.0728
"desocupados","07-Vale do Rio Doce","padrao",7,0.0313,-0.0234
"desocupados","07-Vale do Rio Doce","padrao",8,0.0408,0.0527
"desocupados","07-Vale do Rio Doce","padrao",9,0.0016,-0.0299
"desocupados","07-Vale do Rio Doce","padrao",10,0.0572,0.0922
"desocupados","07-Vale do Rio Doce","padrao",11,0.0304,-0.0215
"desocupados","07-Vale do Rio Doce","padrao",12,0.0213,-0.02
"desocupados","07-Vale do Rio Doce","legado",1,0.5711,0.5711
"desocupados","07-Vale do Rio Doce","legado",2,0.4554,0.1919
"desocupados","07-Vale do Rio Doce","legado",3,0.3447,0.0385
"desocupados","07-Vale do Rio Doce","legado",4,0.2567,-0.0016
"desocupados","07-Vale do Rio Doce","legado",5,0.1903,-0.0051
"desocupados","07-Vale do Rio Doce","legado",6,0.0882,-0.0838
"desocupados","07-Vale do Rio Doce","legado",7,0.0406,-0.0253
"desocupados","07-Vale do Rio Doce","legado",8,0.0522,0.0627
"desocupados","07-Vale do Rio Doce","legado",9,0.0075,-0.0336
"desocupados","07-Vale do Rio Doce","legado",10,0.0791,0.1215
"desocupados","07-Vale do Rio Doce","legado",11,0.0479,-0.0232
"desocupados","07-Vale do Rio Doce","legado",12,0.0378,-0.0247
"desocupados","08-Central","padrao",1,0.2952,0.2952
"desocupados","08-Central","padrao",2,0.0266,-0.0663
"desocupados","08-Central","padrao",3,0.0378,0.0539
"desocupados","08-Central","padrao",4,0.0502,0.0269
"desocupados","08-Central","padrao",5,-1e-04,-0.0244
"desocupados","08-Central","padrao",6,-0.0778,-0.0764
"desocupados","08-Central","padrao",7,0.0207,0.0715
"desocupados","08-Central","padrao",8,0.0821,0.0553
"desocupados","08-Central","padrao",9,0.0584,0.0258
"desocupados","08-Central","padrao",10,-0.0554,-0.082
"desocupados","08-Central","padrao",11,-0.1078,-0.0815
"desocupados","08-Central","padrao",12,-0.0105,0.0328
"desocupados","08-Central","legado",1,0.3009,0.3009
"desocupados","08-Central","legado",2,0.0277,-0.0691
"desocupados","08-Central","legado",3,0.0395,0.0568
"desocupados","08-Central","legado",4,0.0534,0.0287
"desocupados","08-Central","legado",5,-0.001,-0.0276
"desocupados","08-Central","legado",6,-0.0889,-0.0873
"desocupados","08-Central","legado",7,0.022,0.0817
"desocupados","08-Central","legado",8,0.0949,0.0646
"desocupados","08-Central","legado",9,0.067,0.0282
"desocupados","08-Central","legado",10,-0.0726,-0.1049
"desocupados","08-Central","legado",11,-0.141,-0.1072
"desocupados","08-Central","legado",12,-0.0171,0.0423
"ocupados","01-Belo Horizonte","padrao",1,0.6603,0.6603
"ocupados","01-Belo Horizonte","padrao",2,0.522,0.1526
"ocupados","01-Belo Horizonte","padrao",3,0.4434,0.0917
"ocupados","01-Belo Horizonte","padrao",4,0.3733,0.033
"ocupados","01-Belo Horizonte","padrao",5,0.3369,0.0563
"ocupados","01-Belo Horizonte","padrao",6,0.1912,-0.174
"ocupados","01-Belo Horizonte","padrao",7,0.123,-0.0299
"ocupados","01-Belo Horizonte","padrao",8,0.0739,-0.0249
"ocupados","01-Belo Horizonte","padrao",9,0.0152,-0.0463
"ocupados","01-Belo Horizonte","padrao",10,0.0524,0.1175
"ocupados","01-Belo Horizonte","padrao",11,-0.0482,-0.1383
"ocupados","01-Belo Horizonte","padrao",12,-0.1359,-0.1326
"ocupados","01-Belo Horizonte","legado",1,0.6732,0.6732
"ocupados","01-Belo Horizonte","legado",2,0.5432,0.1647
"ocupados","01-Belo Horizonte","legado",3,0.4716,0.1039
"ocupados","01-Belo Horizonte","legado",4,0.4069,0.042
"ocupados","01-Belo Horizonte","legado",5,0.3783,0.0722
"ocupados","01-Belo Horizonte","legado",6,0.2247,-0.1967
"ocupados","01-Belo Horizonte","legado",7,0.1548,-0.0321
"ocupados","01-Belo Horizonte","legado",8,0.1022,-0.0308
"ocupados","01-Belo Horizonte","legado",9,0.0394,-0.0497
"ocupados","01-Belo Horizonte","legado",10,0.0916,0.1589
"ocupados","01-Belo Horizonte","legado",11,-0.0255,-0.1657
"ocupados","01-Belo Horizonte","legado",12,-0.1363,-0.177
"ocupados","02-Colar e Entorno Metropolitano de BH","padrao",1,0.6683,0.6683
"ocupados","02-Colar e Entorno Metropolitano de BH","padrao",2,0.4737,0.0489
"ocupados","02-Colar e Entorno Metropolitano de BH","padrao",3,0.3765,0.0774
"ocupados","02-Colar e Entorno Metropolitano de BH","padrao",4,0.3045,0.0275
"ocupados","02-Colar e Entorno Metropolitano de BH","padrao",5,0.3261,0.1599
"ocupados","02-Colar e Entorno Metropolitano de BH","padrao",6,0.16,-0.2541
"ocupados","02-Colar e Entorno Metropolitano de BH","padrao",7,0.0875,0.0293
"ocupados","02-Colar e Entorno Metropolitano de BH","padrao",8,0.0044,-0.121
"ocupados","02-Colar e Entorno Metropolitano de BH","padrao",9,0.0339,0.1625
"ocupados","02-Colar e Entorno Metropolitano de BH","padrao",10,0.1272,0.0953
"ocupados","02-Colar e Entorno Metropolitano de BH","padrao",11,0.036,-0.1145
"ocupados","02-Colar e Entorno Metropolitano de BH","padrao",12,0.0043,-0.0189
"ocupados","02-Colar e Entorno Metropolitano de BH","legado",1,0.6814,0.6814
"ocupados","02-Colar e Entorno Metropolitano de BH","legado",2,0.4929,0.0532
"ocupados","02-Colar e Entorno Metropolitano de BH","legado",3,0.3997,0.085
"ocupados","02-Colar e Entorno Metropolitano de BH","legado",4,0.331,0.0337
"ocupados","02-Colar e Entorno Metropolitano de BH","legado",5,0.3651,0.1896
"ocupados","02-Colar e Entorno Metropolitano de BH","legado",6,0.1881,-0.293
"ocupados","02-Colar e Entorno Metropolitano de BH","legado",7,0.1088,0.0389
"ocupados","02-Colar e Entorno Metropolitano de BH","legado",8,0.0135,-0.1541
"ocupados","02-Colar e Entorno Metropolitano de BH","legado",9,0.0503,0.2192
"ocupados","02-Colar e Entorno Metropolitano de BH","legado",10,0.169,0.1155
"ocupados","02-Colar e Entorno Metropolitano de BH","legado",11,0.0601,-0.146
"ocupados","02-Colar e Entorno Metropolitano de BH","legado",12,0.0213,-0.0227
"ocupados","03-Sul de Minas","padrao",1,0.7313,0.7313
"ocupados","03-Sul de Minas","padrao",2,0.565,0.065
"ocupados","03-Sul de Minas","padrao",3,0.4526,0.0404
"ocupados","03-Sul de Minas","padrao",4,0.3817,0.0493
"ocupados","03-Sul de Minas","padrao",5,0.3508,0.077
"ocupados","03-Sul de Minas","padrao",6,0.2279,-0.172
"ocupados","03-Sul de Minas","padrao",7,0.1859,0.0682
"ocupados","03-Sul de Minas","padrao",8,0.1448,-0.0122
"ocupados","03-Sul de Minas","padrao",9,0.1383,0.0507
"ocupados","03-Sul de Minas","padrao",10,0.1859,0.1297
"ocupados","03-Sul de Minas","padrao",11,0.1035,-0.1676
"ocupados","03-Sul de Minas","padrao",12,0.0618,-0.0215
"ocupados","03-Sul de Minas","legado",1,0.7456,0.7456
"ocupados","03-Sul de Minas","legado",2,0.5879,0.072
"ocupados","03-Sul de Minas","legado",3,0.4812,0.047
"ocupados","03-Sul de Minas","legado",4,0.4149,0.0576
"ocupados","03-Sul de Minas","legado",5,0.3894,0.0902
"ocupados","03-Sul de Minas","legado",6,0.2608,-0.1975
"ocupados","03-Sul de Minas","legado",7,0.2203,0.0861
"ocupados","03-Sul de Minas","legado",8,0.1795,-0.0109
"ocupados","03-Sul de Minas","legado",9,0.1801,0.0734
"ocupados","03-Sul de Minas","legado",10,0.2475,0.1784
"ocupados","03-Sul de Minas","legado",11,0.1543,-0.216
"ocupados","03-Sul de Minas","legado",12,0.1102,-0.0151
"ocupados","04-Triângulo Mineiro","padrao",1,0.7762,0.7762
"ocupados","04-Triângulo Mineiro","padrao",2,0.5999,-0.0066
"ocupados","04-Triângulo Mineiro","padrao",3,0.451,-0.0317
"ocupados","04-Triângulo Mineiro","padrao",4,0.333,-0.014
"ocupados","04-Triângulo Mineiro","padrao",5,0.2306,-0.0361
"ocupados","04-Triângulo Mineiro","padrao",6,0.1429,-0.0361
"ocupados","04-Triângulo Mineiro","padrao",7,0.1009,0.0465
"ocupados","04-Triângulo Mineiro","padrao",8,0.0448,-0.065
"ocupados","04-Triângulo Mineiro","padrao",9,-0.0315,-0.1046
"ocupados","04-Triângulo Mineiro","padrao",10,-0.0736,0.0087
"ocupados","04-Triângulo Mineiro","padrao",11,-0.12,-0.0631
"ocupados","04-Triângulo Mineiro","padrao",12,-0.1779,-0.0968
"ocupados","04-Triângulo Mineiro","legado",1,0.7913,0.7913
"ocupados","04-Triângulo Mineiro","legado",2,0.6234,-0.0074
"ocupados","04-Triângulo Mineiro","legado",3,0.4775,-0.0364
"ocupados","04-Triângulo Mineiro","legado",4,0.359,-0.0166
"ocupados","04-Triângulo Mineiro","legado",5,0.2524,-0.0439
"ocupados","04-Triângulo Mineiro","legado",6,0.1587,-0.042
"ocupados","04-Triângulo Mineiro","legado",7,0.1139,0.0574
"ocupados","04-Triângulo Mineiro","legado",8,0.0501,-0.0826
"ocupados","04-Triângulo Mineiro","legado",9,-0.0395,-0.1318
"ocupados","04-Triângulo Mineiro","legado",10,-0.0917,0.0105
"ocupados","04-Triângulo Mineiro","legado",11,-0.1499,-0.081
"ocupados","04-Triângulo Mineiro","legado",12,-0.2244,-0.129
"ocupados","05-Mata de Minas Gerais","padrao",1,0.694,0.694
"ocupados","05-Mata de Minas Gerais","padrao",2,0.5366,0.106
"ocupados","05-Mata de Minas Gerais","padrao",3,0.4466,0.0783
"ocupados","05-Mata de Minas Gerais","padrao",4,0.342,-0.0325
"ocupados","05-Mata de Minas Gerais","padrao",5,0.2978,0.0609
"ocupados","05-Mata de Minas Gerais","padrao",6,0.2259,-0.0452
"ocupados","05-Mata de Minas Gerais","padrao",7,0.1755,0.0015
"ocupados","05-Mata de Minas Gerais","padrao",8,0.167,0.049
"ocupados","05-Mata de Minas Gerais","padrao",9,0.1901,0.0985
"ocupados","05-Mata de Minas Gerais","padrao",10,0.2228,0.0839
"ocupados","05-Mata de Minas Gerais","padrao",11,0.1507,-0.1308
"ocupados","05-Mata de Minas Gerais","padrao",12,0.1063,-0.033
"ocupados","05-Mata de Minas Gerais","legado",1,0.7076,0.7076
"ocupados","05-Mata de Minas Gerais","legado",2,0.5582,0.1151
"ocupados","05-Mata de Minas Gerais","legado",3,0.475,0.0893
"ocupados","05-Mata de Minas Gerais","legado",4,0.3724,-0.0336
"ocupados","05-Mata de Minas Gerais","legado",5,0.3318,0.0711
"ocupados","05-Mata de Minas Gerais","legado",6,0.2593,-0.0492
"ocupados","05-Mata de Minas Gerais","legado",7,0.2074,0.0027
"ocupados","05-Mata de Minas Gerais","legado",8,0.2042,0.0646
"ocupados","05-Mata de Minas Gerais","legado",9,0.2403,0.1325
"ocupados","05-Mata de Minas Gerais","legado",10,0.2921,0.1248
"ocupados","05-Mata de Minas Gerais","legado",11,0.2154,-0.1555
"ocupados","05-Mata de Minas Gerais","legado",12,0.1731,-0.0278
"ocupados","06-Norte de Minas","padrao",1,0.6874,0.6874
"ocupados","06-Norte de Minas","padrao",2,0.5024,0.0565
"ocupados","06-Norte de Minas","padrao",3,0.3815,0.0321
"ocupados","06-Norte de Minas","padrao",4,0.316,0.0557
"ocupados","06-Norte de Minas","padrao",5,0.3091,0.1072
"ocupados","06-Norte de Minas","padrao",6,0.1305,-0.274
"ocupados","06-Norte de Minas","padrao",7,0.048,0.0052
"ocupados","06-Norte de Minas","padrao",8,-0.0305,-0.0709
"ocupados","06-Norte de Minas","padrao",9,-0.0655,-0.015
"ocupados","06-Norte de Minas","padrao",10,-0.0552,0.0198
"ocupados","06-Norte de Minas","padrao",11,-0.1345,-0.0853
"ocupados","06-Norte de Minas","padrao",12,-0.1558,-0.023
"ocupados","06-Norte de Minas","legado",1,0.701,0.701
"ocupados","06-Norte de Minas","legado",2,0.5229,0.0619
"ocupados","06-Norte de Minas","legado",3,0.4053,0.0356
"ocupados","06-Norte de Minas","legado",4,0.3427,0.0632
"ocupados","06-Norte de Minas","legado",5,0.3431,0.1259
"ocupados","06-Norte de Minas","legado",6,0.1496,-0.3195
"ocupados","06-Norte de Minas","legado",7,0.0605,0.012
"ocupados","06-Norte de Minas","legado",8,-0.0271,-0.0834
"ocupados","06-Norte de Minas","legado",9,-0.0639,-0.0087
"ocupados","06-Norte de Minas","legado",10,-0.0463,0.0325
"ocupados","06-Norte de Minas","legado",11,-0.1405,-0.0986
"ocupados","06-Norte de Minas","legado",12,-0.1617,-0.0139
"ocupados","07-Vale do Rio Doce","padrao",1,0.7831,0.7831
"ocupados","07-Vale do Rio Doce","padrao",2,0.649,0.0923
"ocupados","07-Vale do Rio Doce","padrao",3,0.5363,0.0069
"ocupados","07-Vale do Rio Doce","padrao",4,0.4659,0.0597
"ocupados","07-Vale do Rio Doce","padrao",5,0.4712,0.1903
"ocupados","07-Vale do Rio Doce","padrao",6,0.3238,-0.3245
"ocupados","07-Vale do Rio Doce","padrao",7,0.2203,-0.0492
"ocupados","07-Vale do Rio Doce","padrao",8,0.1574,0.0662
"ocupados","07-Vale do Rio Doce","padrao",9,0.1205,0.0142
"ocupados","07-Vale do Rio Doce","padrao",10,0.1453,0.0553
"ocupados","07-Vale do Rio Doce","padrao",11,0.0411,-0.1844
"ocupados","07-Vale do Rio Doce","padrao",12,-0.0131,0.0257
"ocupados","07-Vale do Rio Doce","legado",1,0.7987,0.7987
"ocupados","07-Vale do Rio Doce","legado",2,0.6759,0.105
"ocupados","07-Vale do Rio Doce","legado",3,0.5714,0.0125
"ocupados","07-Vale do Rio Doce","legado",4,0.5091,0.0739
"ocupados","07-Vale do Rio Doce","legado",5,0.528,0.232
"ocupados","07-Vale do Rio Doce","legado",6,0.3758,-0.3865
"ocupados","07-Vale do Rio Doce","legado",7,0.2673,-0.0604
"ocupados","07-Vale do Rio Doce","legado",8,0.2034,0.1047
"ocupados","07-Vale do Rio Doce","legado",9,0.1687,0.0264
"ocupados","07-Vale do Rio Doce","legado",10,0.2073,0.0664
"ocupados","07-Vale do Rio Doce","legado",11,0.0874,-0.2417
"ocupados","07-Vale do Rio Doce","legado",12,0.0296,0.076
"ocupados","08-Central","padrao",1,0.6495,0.6495
"ocupados","08-Central","padrao",2,0.5121,0.1562
"ocupados","08-Central","padrao",3,0.4117,0.0524
"ocupados","08-Central","padrao",4,0.3624,0.0726
"ocupados","08-Central","padrao",5,0.4088,0.2
"ocupados","08-Central","padrao",6,0.2338,-0.2404
"ocupados","08-Central","padrao",7,0.2073,0.0538
"ocupados","08-Central","padrao",8,0.1522,-0.0196
"ocupados","08-Central","padrao",9,0.1458,0.0356
"ocupados","08-Central","padrao",10,0.2187,0.1255
"ocupados","08-Central","padrao",11,0.0423,-0.2416
"ocupados","08-Central","padrao",12,-0.0283,-0.111
"ocupados","08-Central","legado",1,0.662,0.662
"ocupados","08-Central","legado",2,0.5325,0.1678
"ocupados","08-Central","legado",3,0.4373,0.0602
"ocupados","08-Central","legado",4,0.3934,0.0833
"ocupados","08-Central","legado",5,0.4546,0.2344
"ocupados","08-Central","legado",6,0.2691,-0.2729
"ocupados","08-Central","legado",7,0.2479,0.0728
"ocupados","08-Central","legado",8,0.1919,-0.0187
"ocupados","08-Central","legado",9,0.1923,0.0537
"ocupados","08-Central","legado",10,0.2926,0.1746
"ocupados","08-Central","legado",11,0.0821,-0.3193
"ocupados","08-Central","legado",12,-0.0022,-0.1406
"taxa","01-Belo Horizonte","padrao",1,0.2714,0.2714
"taxa","01-Belo Horizonte","padrao",2,0.2532,0.1939
"taxa","01-Belo Horizonte","padrao",3,0.1203,0.0138
"taxa","01-Belo Horizonte","padrao",4,0.0453,-0.0368
"taxa","01-Belo Horizonte","padrao",5,0.0011,-0.0316
"taxa","01-Belo Horizonte","padrao",6,-0.1313,-0.1437
"taxa","01-Belo Horizonte","padrao",7,-0.2238,-0.1819
"taxa","01-Belo Horizonte","padrao",8,-0.1279,0.0125
"taxa","01-Belo Horizonte","padrao",9,-0.0795,0.0558
"taxa","01-Belo Horizonte","padrao",10,-0.101,-0.0458
"taxa","01-Belo Horizonte","padrao",11,-0.0914,-0.0532
"taxa","01-Belo Horizonte","padrao",12,-0.0387,0.0081
"taxa","01-Belo Horizonte","legado",1,0.2769,0.2769
"taxa","01-Belo Horizonte","legado",2,0.2636,0.2024
"taxa","01-Belo Horizonte","legado",3,0.1284,0.016
"taxa","01-Belo Horizonte","legado",4,0.0508,-0.0384
"taxa","01-Belo Horizonte","legado",5,0.004,-0.0333
"taxa","01-Belo Horizonte","legado",6,-0.1441,-0.1609
"taxa","01-Belo Horizonte","legado",7,-0.2541,-0.2121
"taxa","01-Belo Horizonte","legado",8,-0.147,0.0125
"taxa","01-Belo Horizonte","legado",9,-0.0924,0.0696
"taxa","01-Belo Horizonte","legado",10,-0.121,-0.0538
"taxa","01-Belo Horizonte","legado",11,-0.1104,-0.064
"taxa","01-Belo Horizonte","legado",12,-0.0438,0.017
"taxa","02-Colar e Entorno Metropolitano de BH","padrao",1,0.2211,0.2211
"taxa","02-Colar e Entorno Metropolitano de BH","padrao",2,0.2768,0.2397
"taxa","02-Colar e Entorno Metropolitano de BH","padrao",3,-0.0147,-0.1274
"taxa","02-Colar e Entorno Metropolitano de BH","padrao",4,0.084,0.0486
"taxa","02-Colar e Entorno Metropolitano de BH","padrao",5,0.0323,0.0522
"taxa","02-Colar e Entorno Metropolitano de BH","padrao",6,0.0769,0.0281
"taxa","02-Colar e Entorno Metropolitano de BH","padrao",7,0.0012,-0.0329
"taxa","02-Colar e Entorno Metropolitano de BH","padrao",8,0.0564,0.0427
"taxa","02-Colar e Entorno Metropolitano de BH","padrao",9,0.0499,0.0525
"taxa","02-Colar e Entorno Metropolitano de BH","padrao",10,0.0668,0.0172
"taxa","02-Colar e Entorno Metropolitano de BH","padrao",11,0.0015,-0.0395
"taxa","02-Colar e Entorno Metropolitano de BH","padrao",12,0.062,0.0581
"taxa","02-Colar e Entorno Metropolitano de BH","legado",1,0.2254,0.2254
"taxa","02-Colar e Entorno Metropolitano de BH","legado",2,0.2879,0.2498
"taxa","02-Colar e Entorno Metropolitano de BH","legado",3,-0.0152,-0.135
"taxa","02-Colar e Entorno Metropolitano de BH","legado",4,0.0915,0.0532
"taxa","02-Colar e Entorno Metropolitano de BH","legado",5,0.0364,0.0587
"taxa","02-Colar e Entorno Metropolitano de BH","legado",6,0.0873,0.0322
"taxa","02-Colar e Entorno Metropolitano de BH","legado",7,6e-04,-0.0397
"taxa","02-Colar e Entorno Metropolitano de BH","legado",8,0.0648,0.0495
"taxa","02-Colar e Entorno Metropolitano de BH","legado",9,0.0578,0.0627
"taxa","02-Colar e Entorno Metropolitano de BH","legado",10,0.0801,0.0205
"taxa","02-Colar e Entorno Metropolitano de BH","legado",11,-0.0015,-0.0529
"taxa","02-Colar e Entorno Metropolitano de BH","legado",12,0.0751,0.0727
"taxa","03-Sul de Minas","padrao",1,0.3544,0.3544
"taxa","03-Sul de Minas","padrao",2,0.1269,0.0014
"taxa","03-Sul de Minas","padrao",3,0.0334,-0.0138
"taxa","03-Sul de Minas","padrao",4,-0.0426,-0.0576
"taxa","03-Sul de Minas","padrao",5,-0.0871,-0.0606
"taxa","03-Sul de Minas","padrao",6,-0.0588,-0.0025
"taxa","03-Sul de Minas","padrao",7,-0.0843,-0.0613
"taxa","03-Sul de Minas","padrao",8,-0.0541,-0.0049
"taxa","03-Sul de Minas","padrao",9,-0.0608,-0.0443
"taxa","03-Sul de Minas","padrao",10,-0.0016,0.0344
"taxa","03-Sul de Minas","padrao",11,0.0019,-0.0116
"taxa","03-Sul de Minas","padrao",12,-0.0748,-0.0982
"taxa","03-Sul de Minas","legado",1,0.3614,0.3614
"taxa","03-Sul de Minas","legado",2,0.132,0.0016
"taxa","03-Sul de Minas","legado",3,0.0355,-0.0146
"taxa","03-Sul de Minas","legado",4,-0.0459,-0.0626
"taxa","03-Sul de Minas","legado",5,-0.096,-0.0672
"taxa","03-Sul de Minas","legado",6,-0.0659,-0.0027
"taxa","03-Sul de Minas","legado",7,-0.0966,-0.0708
"taxa","03-Sul de Minas","legado",8,-0.0627,-0.0052
"taxa","03-Sul de Minas","legado",9,-0.0717,-0.0527
"taxa","03-Sul de Minas","legado",10,6e-04,0.0447
"taxa","03-Sul de Minas","legado",11,0.0051,-0.0133
"taxa","03-Sul de Minas","legado",12,-0.0934,-0.1257
"taxa","04-Triângulo Mineiro","padrao",1,0.1989,0.1989
"taxa","04-Triângulo Mineiro","padrao",2,0.0232,-0.017
"taxa","04-Triângulo Mineiro","padrao",3,0.104,0.1069
"taxa","04-Triângulo Mineiro","padrao",4,0.0187,-0.0241
"taxa","04-Triângulo Mineiro","padrao",5,-0.0032,-8e-04
"taxa","04-Triângulo Mineiro","padrao",6,0.0393,0.0314
"taxa","04-Triângulo Mineiro","padrao",7,-0.0269,-0.0431
"taxa","04-Triângulo Mineiro","padrao",8,0.0055,0.0232
"taxa","04-Triângulo Mineiro","padrao",9,-0.0557,-0.0739
"taxa","04-Triângulo Mineiro","padrao",10,-0.1779,-0.1533
"taxa","04-Triângulo Mineiro","padrao",11,-0.186,-0.135
"taxa","04-Triângulo Mineiro","padrao",12,-0.0324,0.0343
"taxa","04-Triângulo Mineiro","legado",1,0.2027,0.2027
"taxa","04-Triângulo Mineiro","legado",2,0.0244,-0.0175
"taxa","04-Triângulo Mineiro","legado",3,0.1107,0.1139
"taxa","04-Triângulo Mineiro","legado",4,0.0203,-0.0263
"taxa","04-Triângulo Mineiro","legado",5,-0.0036,-9e-04
"taxa","04-Triângulo Mineiro","legado",6,0.0444,0.0356
"taxa","04-Triângulo Mineiro","legado",7,-0.0317,-0.0507
"taxa","04-Triângulo Mineiro","legado",8,0.0053,0.0266
"taxa","04-Triângulo Mineiro","legado",9,-0.0681,-0.09
"taxa","04-Triângulo Mineiro","legado",10,-0.2216,-0.1922
"taxa","04-Triângulo Mineiro","legado",11,-0.2381,-0.1775
"taxa","04-Triângulo Mineiro","legado",12,-0.0446,0.0393
"taxa","05-Mata de Minas Gerais","padrao",1,0.2039,0.2039
"taxa","05-Mata de Minas Gerais","padrao",2,-0.0186,-0.0628
"taxa","05-Mata de Minas Gerais","padrao",3,-0.0089,0.0083
"taxa","05-Mata de Minas Gerais","padrao",4,0.0382,0.0391
"taxa","05-Mata de Minas Gerais","padrao",5,-0.157,-0.1824
"taxa","05-Mata de Minas Gerais","padrao",6,-0.278,-0.2191
"taxa","05-Mata de Minas Gerais","padrao",7,-0.0407,0.0533
"taxa","05-Mata de Minas Gerais","padrao",8,0.0202,-0.0044
"taxa","05-Mata de Minas Gerais","padrao",9,0.0262,0.0354
"taxa","05-Mata de Minas Gerais","padrao",10,0.0326,0.0325
"taxa","05-Mata de Minas Gerais","padrao",11,-0.0095,-0.1052
"taxa","05-Mata de Minas Gerais","padrao",12,0.1086,0.0803
"taxa","05-Mata de Minas Gerais","legado",1,0.2079,0.2079
"taxa","05-Mata de Minas Gerais","legado",2,-0.0197,-0.0657
"taxa","05-Mata de Minas Gerais","legado",3,-0.0097,0.0087
"taxa","05-Mata de Minas Gerais","legado",4,0.0413,0.0423
"taxa","05-Mata de Minas Gerais","legado",5,-0.1724,-0.2009
"taxa","05-Mata de Minas Gerais","legado",6,-0.3133,-0.2493
"taxa","05-Mata de Minas Gerais","legado",7,-0.0456,0.0629
"taxa","05-Mata de Minas Gerais","legado",8,0.0261,-0.0023
"taxa","05-Mata de Minas Gerais","legado",9,0.0339,0.0443
"taxa","05-Mata de Minas Gerais","legado",10,0.0414,0.0433
"taxa","05-Mata de Minas Gerais","legado",11,-0.012,-0.1342
"taxa","05-Mata de Minas Gerais","legado",12,0.1413,0.1081
"taxa","06-Norte de Minas","padrao",1,0.3937,0.3937
"taxa","06-Norte de Minas","padrao",2,0.1243,-0.0363
"taxa","06-Norte de Minas","padrao",3,0.1035,0.0795
"taxa","06-Norte de Minas","padrao",4,0.0341,-0.0371
"taxa","06-Norte de Minas","padrao",5,0.0309,0.0322
"taxa","06-Norte de Minas","padrao",6,0.043,0.0194
"taxa","06-Norte de Minas","padrao",7,0.071,0.0558
"taxa","06-Norte de Minas","padrao",8,0.0731,0.0256
"taxa","06-Norte de Minas","padrao",9,-0.055,-0.1184
"taxa","06-Norte de Minas","padrao",10,0.024,0.0971
"taxa","06-Norte de Minas","padrao",11,-0.0181,-0.0795
"taxa","06-Norte de Minas","padrao",12,-0.0083,0.0458
"taxa","06-Norte de Minas","legado",1,0.4011,0.4011
"taxa","06-Norte de Minas","legado",2,0.1286,-0.0384
"taxa","06-Norte de Minas","legado",3,0.1094,0.085
"taxa","06-Norte de Minas","legado",4,0.0363,-0.0411
"taxa","06-Norte de Minas","legado",5,0.0336,0.0361
"taxa","06-Norte de Minas","legado",6,0.0479,0.0215
"taxa","06-Norte de Minas","legado",7,0.0815,0.0652
"taxa","06-Norte de Minas","legado",8,0.0861,0.0307
"taxa","06-Norte de Minas","legado",9,-0.0672,-0.145
"taxa","06-Norte de Minas","legado",10,0.0293,0.1228
"taxa","06-Norte de Minas","legado",11,-0.0219,-0.103
"taxa","06-Norte de Minas","legado",12,-0.0073,0.067
"taxa","07-Vale do Rio Doce","padrao",1,0.3764,0.3764
"taxa","07-Vale do Rio Doce","padrao",2,0.2826,0.1642
"taxa","07-Vale do Rio Doce","padrao",3,0.1856,0.0418
"taxa","07-Vale do Rio Doce","padrao",4,0.052,-0.0762
"taxa","07-Vale do Rio Doce","padrao",5,0.0428,0.0081
"taxa","07-Vale do Rio Doce","padrao",6,-0.0633,-0.0939
"taxa","07-Vale do Rio Doce","padrao",7,-0.0379,0.01
"taxa","07-Vale do Rio Doce","padrao",8,-0.0507,-0.0143
"taxa","07-Vale do Rio Doce","padrao",9,-0.1384,-0.1126
"taxa","07-Vale do Rio Doce","padrao",10,-0.0526,0.0378
"taxa","07-Vale do Rio Doce","padrao",11,-0.0525,0.0102
"taxa","07-Vale do Rio Doce","padrao",12,0.0031,0.0451
"taxa","07-Vale do Rio Doce","legado",1,0.3838,0.3838
"taxa","07-Vale do Rio Doce","legado",2,0.2939,0.1719
"taxa","07-Vale do Rio Doce","legado",3,0.197,0.0455
"taxa","07-Vale do Rio Doce","legado",4,0.0569,-0.0822
"taxa","07-Vale do Rio Doce","legado",5,0.0488,0.0098
"taxa","07-Vale do Rio Doce","legado",6,-0.07,-0.1066
"taxa","07-Vale do Rio Doce","legado",7,-0.0398,0.0142
"taxa","07-Vale do Rio Doce","legado",8,-0.0561,-0.0162
"taxa","07-Vale do Rio Doce","legado",9,-0.1622,-0.1355
"taxa","07-Vale do Rio Doce","legado",10,-0.0578,0.0508
"taxa","07-Vale do Rio Doce","legado",11,-0.0583,0.0169
"taxa","07-Vale do Rio Doce","legado",12,0.0127,0.0627
"taxa","08-Central","padrao",1,0.3067,0.3067
"taxa","08-Central","padrao",2,0.0443,-0.055
"taxa","08-Central","padrao",3,0.0676,0.0776
"taxa","08-Central","padrao",4,0.0956,0.0593
"taxa","08-Central","padrao",5,0.046,-7e-04
"taxa","08-Central","padrao",6,-0.0637,-0.0869
"taxa","08-Central","padrao",7,0.0115,0.0576
"taxa","08-Central","padrao",8,0.0914,0.0683
"taxa","08-Central","padrao",9,0.0931,0.0539
"taxa","08-Central","padrao",10,0.0159,-0.021
"taxa","08-Central","padrao",11,-0.0724,-0.0852
"taxa","08-Central","padrao",12,0.0117,0.0385
"taxa","08-Central","legado",1,0.3127,0.3127
"taxa","08-Central","legado",2,0.046,-0.0574
"taxa","08-Central","legado",3,0.071,0.082
"taxa","08-Central","legado",4,0.1026,0.0638
"taxa","08-Central","legado",5,0.0499,-0.0012
"taxa","08-Central","legado",6,-0.0731,-0.0994
"taxa","08-Central","legado",7,0.0114,0.0658
"taxa","08-Central","legado",8,0.1058,0.0804
"taxa","08-Central","legado",9,0.1081,0.0618
"taxa","08-Central","legado",10,0.0149,-0.0288
"taxa","08-Central","legado",11,-0.097,-0.1123
"taxa","08-Central","legado",12,0.0126,0.0518
