"indicador","estrato","formulacao","invertivel","loglik","bic","var_e","rrse","vicio"
"desocupados","01 - Belo Horizonte","AR(1)",NA,-195.58,410.9,0.699,18.85,-0.08
"desocupados","01 - Belo Horizonte","AR(2)",NA,-200.18,420.1,0.9,13.54,-0.28
"desocupados","01 - Belo Horizonte","ARMA(1,1)",NA,-195.28,410.3,4.352,-112.92,-9.25
"desocupados","01 - Belo Horizonte","MA(1)",TRUE,-197.75,415.2,0.467,23.01,0.01
"desocupados","01 - Belo Horizonte","MA(2)",FALSE,-202.41,424.6,0.896,13.87,-0.14
"desocupados","01 - Belo Horizonte","MA(3)",FALSE,-208.92,437.6,0.794,16.4,-0.17
"desocupados","01 - Belo Horizonte","MA(4)",FALSE,-213.8,447.3,0.846,14.85,-0.14
"desocupados","02 - Colar e Entorno","AR(1)",NA,-217.8,455.4,0.799,12.44,0.13
"desocupados","02 - Colar e Entorno","AR(2)",NA,-224.02,467.8,0,66.04,-0.1
"desocupados","02 - Colar e Entorno","ARMA(1,1)",NA,-222.29,464.3,-7.584,-391.18,-26.08
"desocupados","02 - Colar e Entorno","MA(1)",FALSE,-219.19,458.1,0.667,16.12,0.16
"desocupados","02 - Colar e Entorno","MA(2)",FALSE,-225.96,471.7,0,60.72,0
"desocupados","02 - Colar e Entorno","MA(3)",FALSE,-231.91,483.6,0,30.82,0.03
"desocupados","02 - Colar e Entorno","MA(4)",FALSE,-237.81,495.4,0,31.73,0.03
"desocupados","03 - Sul de Minas","AR(1)",NA,-198.87,417.5,0.557,26.64,-0.64
"desocupados","03 - Sul de Minas","AR(2)",NA,-201.29,422.3,0.537,26.73,-0.58
"desocupados","03 - Sul de Minas","ARMA(1,1)",NA,-200.07,419.9,0.462,31.36,-0.47
"desocupados","03 - Sul de Minas","MA(1)",TRUE,-199.37,418.5,0.61,26.02,-0.65
"desocupados","03 - Sul de Minas","MA(2)",TRUE,-206.29,432.3,0.486,29.19,-0.55
"desocupados","03 - Sul de Minas","MA(3)",FALSE,-212.39,444.5,0.541,25.99,-0.54
"desocupados","03 - Sul de Minas","MA(4)",FALSE,-218.16,456.1,0.561,24.72,-0.31
"desocupados","04 - Triângulo Mineiro","AR(1)",NA,-192.73,405.2,0.442,40.01,-0.38
"desocupados","04 - Triângulo Mineiro","AR(2)",NA,-196.77,413.3,0.451,39.02,-0.34
"desocupados","04 - Triângulo Mineiro","ARMA(1,1)",NA,-194.77,409.3,0.57,32.08,-0.71
"desocupados","04 - Triângulo Mineiro","MA(1)",TRUE,-194.68,409.1,0.444,40.12,-0.35
"desocupados","04 - Triângulo Mineiro","MA(2)",TRUE,-201,421.8,0.424,39.27,-0.31
"desocupados","04 - Triângulo Mineiro","MA(3)",FALSE,-206.27,432.3,0.464,38.37,-0.33
"desocupados","04 - Triângulo Mineiro","MA(4)",FALSE,-213.01,445.8,0.482,36.64,-0.49
"desocupados","05 - Zona da Mata","AR(1)",NA,-190.6,401,0.617,27.76,-0.94
"desocupados","05 - Zona da Mata","AR(2)",NA,-193.23,406.2,0.611,28.16,-0.81
"desocupados","05 - Zona da Mata","ARMA(1,1)",NA,-191.34,402.4,0.766,21.28,-1.34
"desocupados","05 - Zona da Mata","MA(1)",TRUE,-192.51,404.8,0.587,29.19,-1.04
"desocupados","05 - Zona da Mata","MA(2)",TRUE,-197.89,415.5,0.579,29.08,-0.84
"desocupados","05 - Zona da Mata","MA(3)",FALSE,-204.12,428,0.6,27.78,-0.93
"desocupados","05 - Zona da Mata","MA(4)",FALSE,-210.5,440.8,0.592,27.36,-0.99
"desocupados","06 - Norte de Minas","AR(1)",NA,-208.15,436.1,0.853,12.05,-0.49
"desocupados","06 - Norte de Minas","AR(2)",NA,-210.98,441.7,0.951,9.47,-0.54
"desocupados","06 - Norte de Minas","ARMA(1,1)",NA,-208.92,437.6,0.972,5.39,-0.71
"desocupados","06 - Norte de Minas","MA(1)",TRUE,-210.89,441.5,0.075,33.15,0.15
"desocupados","06 - Norte de Minas","MA(2)",TRUE,-214.1,448,0.879,13.3,-0.41
"desocupados","06 - Norte de Minas","MA(3)",FALSE,-221.49,462.7,0.491,19.08,-0.28
"desocupados","06 - Norte de Minas","MA(4)",FALSE,-227.38,474.5,0.924,8.43,-0.78
"desocupados","07 - Vale do Rio Doce","AR(1)",NA,-199.15,418,0.185,48.55,-0.23
"desocupados","07 - Vale do Rio Doce","AR(2)",NA,-203.74,427.2,0.216,45.19,-0.42
"desocupados","07 - Vale do Rio Doce","ARMA(1,1)",NA,-198.35,416.5,2.729,-47.15,-8.91
"desocupados","07 - Vale do Rio Doce","MA(3)",FALSE,-212.59,444.9,0.042,61.5,-0.05
"desocupados","07 - Vale do Rio Doce","MA(4)",FALSE,-217.57,454.9,0.15,49.68,-0.14
"desocupados","08 - Central","AR(1)",NA,-197.18,414.1,0.577,27.48,-0.35
"desocupados","08 - Central","AR(2)",NA,-201.37,422.5,0.554,28.45,-0.19
"desocupados","08 - Central","ARMA(1,1)",NA,-199.46,418.7,0.179,50.58,-0.01
"desocupados","08 - Central","MA(1)",TRUE,-198.08,415.9,0.543,29.64,-0.28
"desocupados","08 - Central","MA(2)",TRUE,-203.91,427.6,0.558,28.51,-0.21
"desocupados","08 - Central","MA(3)",FALSE,-209.98,439.7,0.547,28.06,-0.29
"desocupados","08 - Central","MA(4)",FALSE,-215.96,451.7,0.523,28.25,-0.38
"ocupados","01 - Belo Horizonte","AR(1)",NA,-229.52,478.8,2.24,-22.36,-0.73
"ocupados","01 - Belo Horizonte","AR(2)",NA,-235.11,490,0,67.54,0.12
"ocupados","02 - Colar e Entorno","AR(1)",NA,-248.2,516.2,2.061,-22.37,-0.33
"ocupados","02 - Colar e Entorno","AR(2)",NA,-252.31,524.4,0.178,48.74,-0.1
"ocupados","03 - Sul de Minas","AR(1)",NA,-229.94,479.6,0.276,49.77,-0.24
"ocupados","03 - Sul de Minas","AR(2)",NA,-234.12,488,0.264,49.47,-0.24
"ocupados","04 - Triângulo Mineiro","AR(1)",NA,-252.14,524,0.585,33.78,-1.96
"ocupados","04 - Triângulo Mineiro","AR(2)",NA,-252.37,524.5,0.959,32.26,-2.64
"ocupados","05 - Zona da Mata","AR(1)",NA,-238.29,496.3,0.421,38.87,-0.29
"ocupados","05 - Zona da Mata","AR(2)",NA,-243.51,506.8,0.217,50.94,-0.35
"ocupados","06 - Norte de Minas","AR(1)",NA,-251.43,522.6,0.841,15.62,-1.1
"ocupados","06 - Norte de Minas","AR(2)",NA,-255.34,530.4,0.646,22.29,-0.78
"ocupados","07 - Vale do Rio Doce","AR(1)",NA,-228.74,477.2,0.448,40.03,-1.48
"ocupados","07 - Vale do Rio Doce","AR(2)",NA,-233.74,487.2,0.437,34.57,-1.61
"ocupados","08 - Central","AR(1)",NA,-251.75,523.2,0.053,69.51,-0.08
"ocupados","08 - Central","AR(2)",NA,-256.39,532.5,0.03,70.44,-0.19
"taxa","01 - Belo Horizonte","AR(1)",NA,-71.83,163.4,0.862,16.37,-0.02
"taxa","01 - Belo Horizonte","AR(2)",NA,-77.18,174.1,0.775,17.24,-0.06
"taxa","01 - Belo Horizonte","ARMA(1,1)",NA,-68.72,157.2,0,-12.16,-8.02
"taxa","01 - Belo Horizonte","MA(1)",TRUE,-73.83,167.4,0.567,26.89,0.09
"taxa","01 - Belo Horizonte","MA(2)",TRUE,-79.21,178.2,0.871,14.07,-0.02
"taxa","01 - Belo Horizonte","MA(3)",FALSE,-85.79,191.3,0.605,22.87,0.02
"taxa","01 - Belo Horizonte","MA(4)",FALSE,-90.71,201.2,0.504,26.65,0.2
"taxa","02 - Colar e Entorno","AR(1)",NA,-80.51,180.8,0.465,28.75,0.14
"taxa","02 - Colar e Entorno","AR(2)",NA,-86.43,192.6,0,65.91,-0.01
"taxa","02 - Colar e Entorno","ARMA(1,1)",NA,-92.34,204.4,-4.731,-407.99,-9.97
"taxa","02 - Colar e Entorno","MA(1)",TRUE,-82.2,184.2,0.62,21.88,0.18
"taxa","02 - Colar e Entorno","MA(2)",FALSE,-88.43,196.6,0,64.92,0
"taxa","02 - Colar e Entorno","MA(3)",FALSE,-94.38,208.5,0,63.57,0
"taxa","02 - Colar e Entorno","MA(4)",FALSE,-100.35,220.5,0,59.76,0
"taxa","03 - Sul de Minas","AR(1)",NA,-75.08,169.9,0.436,30.51,-0.11
"taxa","03 - Sul de Minas","AR(2)",NA,-76.36,172.5,0.413,31.52,-0.1
"taxa","03 - Sul de Minas","ARMA(1,1)",NA,-76.13,172,0.459,29.29,-0.13
"taxa","03 - Sul de Minas","MA(1)",TRUE,-76,171.8,0.544,26.18,-0.15
"taxa","03 - Sul de Minas","MA(2)",TRUE,-82.4,184.6,0.344,34.7,-0.09
"taxa","03 - Sul de Minas","MA(3)",FALSE,-88.46,196.7,0.4,30.81,-0.05
"taxa","03 - Sul de Minas","MA(4)",FALSE,-94.32,208.4,0.406,29.74,0.1
"taxa","04 - Triângulo Mineiro","AR(1)",NA,-67.52,154.8,0.493,36.62,0.09
"taxa","04 - Triângulo Mineiro","AR(2)",NA,-71.77,163.3,0.503,35.77,0.15
"taxa","04 - Triângulo Mineiro","ARMA(1,1)",NA,-68.82,157.4,0.399,43.02,0.12
"taxa","04 - Triângulo Mineiro","MA(1)",TRUE,-69.46,158.7,0.494,36.77,0.09
"taxa","04 - Triângulo Mineiro","MA(2)",TRUE,-76,171.8,0.5,35.74,0.13
"taxa","04 - Triângulo Mineiro","MA(3)",FALSE,-81.63,183,0.503,35.4,0.19
"taxa","04 - Triângulo Mineiro","MA(4)",FALSE,-88.18,196.1,0.506,34.25,0.03
"taxa","05 - Zona da Mata","AR(1)",NA,-72.96,165.7,0.621,27.47,-0.31
"taxa","05 - Zona da Mata","AR(2)",NA,-77.03,173.8,0.596,29.3,-0.11
"taxa","05 - Zona da Mata","ARMA(1,1)",NA,-76.28,172.3,0.128,41.82,0.02
"taxa","05 - Zona da Mata","MA(1)",TRUE,-75.06,169.9,0.602,28.09,-0.41
"taxa","05 - Zona da Mata","MA(2)",FALSE,-79.71,179.2,0.602,29.2,-0.16
"taxa","05 - Zona da Mata","MA(3)",FALSE,-86.31,192.4,0.615,28.04,-0.16
"taxa","05 - Zona da Mata","MA(4)",FALSE,-92.69,205.1,0.59,28.03,-0.26
"taxa","06 - Norte de Minas","AR(1)",NA,-86.64,193,0.511,25.74,0.02
"taxa","06 - Norte de Minas","AR(2)",NA,-90.48,200.7,0.437,28.81,0.06
"taxa","06 - Norte de Minas","ARMA(1,1)",NA,-87.63,195,0.344,36.26,0.07
"taxa","06 - Norte de Minas","MA(1)",TRUE,-88.43,196.6,0,46.86,0.09
"taxa","06 - Norte de Minas","MA(2)",FALSE,-93.42,206.6,0.476,27.19,0.08
"taxa","06 - Norte de Minas","MA(3)",FALSE,-99.54,218.8,0.249,39.37,0.01
"taxa","06 - Norte de Minas","MA(4)",FALSE,-105.63,231,0.195,22.49,-0.05
"taxa","07 - Vale do Rio Doce","AR(1)",NA,-86.51,192.8,0,68.1,0
"taxa","07 - Vale do Rio Doce","AR(2)",NA,-91.58,202.9,0,67.58,-0.01
"taxa","07 - Vale do Rio Doce","ARMA(1,1)",NA,-87.19,194.1,1.086,-5.33,-1.74
"taxa","07 - Vale do Rio Doce","MA(1)",TRUE,-87.61,195,0,67.95,0
"taxa","07 - Vale do Rio Doce","MA(2)",TRUE,-94.02,207.8,0,66.85,0
"taxa","07 - Vale do Rio Doce","MA(3)",FALSE,-100.17,220.1,0,65.66,0
"taxa","07 - Vale do Rio Doce","MA(4)",FALSE,-104.98,229.7,0,65.5,0
"taxa","08 - Central","AR(1)",NA,-76.71,173.2,0.684,19.92,-0.32
"taxa","08 - Central","AR(2)",NA,-81,181.8,0.676,20.02,-0.18
"taxa","08 - Central","MA(1)",TRUE,-77.66,175.1,0.662,21.68,-0.26
"taxa","08 - Central","MA(2)",TRUE,-83.87,187.5,0.677,20.14,-0.19
"taxa","08 - Central","MA(3)",FALSE,-89.97,199.7,0.672,19.38,-0.27
"taxa","08 - Central","MA(4)",FALSE,-95.86,211.5,0.659,19.21,-0.37
